model_name,accuracy,macro_f1,weighted_f1,log_loss,multiclass_brier_score,model_group,is_calibrated,eligible_for_best
dummy,0.25,0.1333333333333333,0.1,27.032740041837865,0.5,baseline,,
logistic_regression,0.25,0.1333333333333333,0.1,3.8829878152258974,0.4767776809646162,baseline,,
random_forest,0.25,0.1333333333333333,0.1,1.1822013939138696,0.2406261316872427,baseline,,
hist_gradient_boosting,0.25,0.13333333333333333,0.1,1.0986122886681098,0.22222222222222224,improved,False,True
