model_name,class_label,mean_predicted_probability,observed_frequency,absolute_gap
hist_gradient_boosting,0,0.3333333333333333,0.25,0.08333333333333331
hist_gradient_boosting,1,0.3333333333333333,0.5,0.16666666666666669
hist_gradient_boosting,2,0.3333333333333333,0.25,0.08333333333333331
