,precision,recall,f1-score,support
0,0.0,0.0,0.0,1.0
1,0.0,0.0,0.0,2.0
2,0.25,1.0,0.4,1.0
accuracy,0.25,0.25,0.25,0.25
macro avg,0.08333333333333333,0.3333333333333333,0.13333333333333333,4.0
weighted avg,0.0625,0.25,0.1,4.0
