model_name,accuracy,macro_f1,weighted_f1,log_loss,multiclass_brier_score
dummy,0.25,0.13333333333333333,0.1,27.032740041837865,0.5
logistic_regression,0.25,0.13333333333333333,0.1,3.8829878152258983,0.4767776809646162
random_forest,0.25,0.13333333333333333,0.1,1.1822013939138696,0.24062613168724267
