model_name,accuracy,macro_f1,weighted_f1,log_loss,multiclass_brier_score
hist_gradient_boosting,0.5816143497757847,0.4408838594616425,0.5144537963946885,0.9139590688523049,0.17939190835097918
